{
"lengthUnit": "mil",
"components": {
	"fields": ["COMPONENT_NO", "COMPONENT_NAME", "LAYER", "X_COORDINATE", "Y_COORDINATE", "ANGLE"],
	"rows": [
		[1, "C1", "T", 225, 520, 0],
		[2, "C2", "T", 60, -295, 180],
		[3, "C3", "T", 115, 555, 180],
		[4, "C4", "T", 220, 465, 0],
		[5, "C5", "T", -40, 255, 180],
		[6, "C6", "T", 115, 520, 0],
		[7, "C8", "T", -110, 20, 270],
		[8, "C9", "T", 260, -475, 90],
		[9, "C10", "T", 300, -150, 270],
		[10, "C11", "T", 390, -150, 270],
		[11, "C14", "T", 155, -325, 270],
		[12, "C15", "T", -345, 350, 180],
		[13, "D1", "T", 0, 0, 90],
		[14, "H4", "B", -220, -435, 180],
		[15, "Q1", "B", 135, -350, 270],
		[16, "R1", "T", -125, 95, 0],
		[17, "R2", "T", -35, 215, 180],
		[18, "R3", "T", -350, -40, 270],
		[19, "R4", "T", 245, -355, 0],
		[20, "R5", "T", 245, -295, 0],
		[21, "R7", "T", -15, -465, 270],
		[22, "R9", "T", -95, 310, 0],
		[23, "R12", "T", -285, 100, 270],
		[24, "R15", "T", -45, -295, 180],
		[25, "R16", "T", 215, -480, 90],
		[26, "R19", "T", -170, 145, 0],
		[27, "R20", "T", -155, 30, 90],
		[28, "R21", "T", -35, 370, 0],
		[29, "R22", "T", -350, 75, 270],
		[30, "U1", "T", 220, 230, 0],
		[31, "U3", "B", 5, -5, 180],
		[32, "U5", "T", -135, -90, 270],
		[33, "U8", "T", -225, -270, 90],
		[34, "U9", "T", 95, -495, 180],
		[35, "U10", "T", 155, -145, 270],
		[36, "U11", "T", -285, 245, 90],
		[37, "U12", "T", -370, 245, 90],
		[38, "USB1", "B", -435, 0, 90],
		[39, "X2", "T", 345, -40, 180],
		[40, "PAD1", "T", 510, -145, 0],
		[41, "PAD1", "B", 510, -145, 0],
		[42, "PAD2", "T", 510, 155, 0],
		[43, "PAD2", "B", 510, 155, 0],
		[44, "PAD3", "T", 510, 55, 0],
		[45, "PAD3", "B", 510, 55, 0],
		[46, "PAD4", "T", 510, 255, 0],
		[47, "PAD4", "B", 510, 255, 0],
		[48, "PAD5", "T", 510, -245, 0],
		[49, "PAD5", "B", 510, -245, 0],
		[50, "PAD6", "T", 510, -45, 0],
		[51, "PAD6", "B", 510, -45, 0]
	]
},
"pins": {
	"fields": ["PIN_NO", "PIN_NAME", "PIN_X", "PIN_Y", "LAYER", "PIN_TYPE", "NET_NAME", "NET_TYPE", "PAD_SHAPE", "PAD_SIZEX", "PAD_SIZEY", "HOLE_SIZE", "PAD_ANGLE"],
	"rows": [
		[1, "C1_1", 197.44, 520, "T", "SMD", "GND", "GND", "R", 31.5, 35.43, 0, 0],
		[2, "C1_2", 252.56, 520, "T", "SMD", "3.3V", "", "R", 31.5, 35.43, 0, 0],
		[3, "C2_1", 87.56, -295, "T", "SMD", "GND", "GND", "R", 31.5, 35.43, 0, 180],
		[4, "C2_2", 32.44, -295, "T", "SMD", "VCC", "", "R", 31.5, 35.43, 0, 180],
		[5, "C3_1", 136.46, 555, "T", "SMD", "3.3V", "", "R", 31.11, 21.26, 0, 180],
		[6, "C3_2", 93.54, 555, "T", "SMD", "GND", "GND", "R", 31.11, 21.26, 0, 180],
		[7, "C4_1", 198.54, 465, "T", "SMD", "GND", "GND", "R", 31.11, 21.26, 0, 0],
		[8, "C4_2", 241.46, 465, "T", "SMD", "AREF", "", "R", 31.11, 21.26, 0, 0],
		[9, "C5_1", -18.54, 255, "T", "SMD", "RST", "", "R", 31.11, 21.26, 0, 180],
		[10, "C5_2", -61.46, 255, "T", "SMD", "3.3V", "", "R", 31.11, 21.26, 0, 180],
		[11, "C6_1", 93.54, 520, "T", "SMD", "GND", "GND", "R", 31.11, 21.26, 0, 0],
		[12, "C6_2", 136.46, 520, "T", "SMD", "3.3V", "", "R", 31.11, 21.26, 0, 0],
		[13, "C8_1", -110, 41.46, "T", "SMD", "$1N185", "", "R", 31.11, 21.26, 0, 270],
		[14, "C8_2", -110, -1.46, "T", "SMD", "$1N172", "", "R", 31.11, 21.26, 0, 270],
		[15, "C9_1", 260, -496.46, "T", "SMD", "$1N6647", "", "R", 31.11, 21.26, 0, 90],
		[16, "C9_2", 260, -453.54, "T", "SMD", "$1N17359", "", "R", 31.11, 21.26, 0, 90],
		[17, "C10_1", 300, -122.44, "T", "SMD", "$1N24", "", "R", 31.5, 35.43, 0, 270],
		[18, "C10_2", 300, -177.56, "T", "SMD", "GND", "GND", "R", 31.5, 35.43, 0, 270],
		[19, "C11_1", 390, -122.44, "T", "SMD", "$1N16129", "", "R", 31.5, 35.43, 0, 270],
		[20, "C11_2", 390, -177.56, "T", "SMD", "GND", "GND", "R", 31.5, 35.43, 0, 270],
		[21, "C14_1", 155, -297.44, "T", "SMD", "GND", "GND", "R", 31.5, 35.43, 0, 270],
		[22, "C14_2", 155, -352.56, "T", "SMD", "VCC", "", "R", 31.5, 35.43, 0, 270],
		[23, "C15_1", -323.54, 350, "T", "SMD", "GND", "GND", "R", 31.11, 21.26, 0, 180],
		[24, "C15_2", -366.46, 350, "T", "SMD", "$1N70290", "", "R", 31.11, 21.26, 0, 180],
		[25, "D1_+", 59, 0, "T", "SMD", "GND", "GND", "R", 90.6, 51.2, 0, 90],
		[26, "D1_-", -59, 0, "T", "SMD", "$1N172", "", "R", 90.6, 51.2, 0, 90],
		[27, "H4_1", -244.61, -492.09, "B", "SMD", "VCC", "", "R", 31.5, 62.99, 0, 180],
		[28, "H4_2", -195.4, -492.09, "B", "SMD", "$1N17359", "", "R", 31.5, 62.99, 0, 180],
		[29, "H4_3", -345, -377.91, "B", "SMD", "H4_3", "", "R", 82.68, 118.11, 0, 180],
		[30, "H4_4", -95, -377.91, "B", "SMD", "H4_4", "", "R", 82.68, 118.11, 0, 180],
		[31, "Q1_1", 261, -311.61, "B", "SMD", "$1N5858", "", "O", 15.75, 59.05, 0, 90],
		[32, "Q1_2", 261, -337.21, "B", "SMD", "$1N17359", "", "O", 15.75, 59.05, 0, 90],
		[33, "Q1_3", 261, -362.81, "B", "SMD", "$1N17359", "", "O", 15.75, 59.05, 0, 90],
		[34, "Q1_4", 261, -388.4, "B", "SMD", "$1N5885", "", "O", 15.75, 59.05, 0, 90],
		[35, "Q1_5", 9, -388.4, "B", "SMD", "$1N5833", "", "O", 15.75, 59.05, 0, 90],
		[36, "Q1_6", 9, -362.8, "B", "SMD", "GND", "GND", "O", 15.75, 59.05, 0, 90],
		[37, "Q1_7", 9, -337.21, "B", "SMD", "GND", "GND", "O", 15.75, 59.05, 0, 90],
		[38, "Q1_8", 9, -311.61, "B", "SMD", "$1N5858", "", "O", 15.75, 59.05, 0, 90],
		[39, "R1_1", -154.66, 95, "T", "SMD", "$1N185", "", "R", 31.75, 34.02, 0, 0],
		[40, "R1_2", -95.34, 95, "T", "SMD", "GND", "GND", "R", 31.75, 34.02, 0, 0],
		[41, "R2_1", -17.96, 215, "T", "SMD", "RST", "", "R", 22.27, 21.26, 0, 180],
		[42, "R2_2", -52.04, 215, "T", "SMD", "3.3V", "", "R", 22.27, 21.26, 0, 180],
		[43, "R3_1", -350, -10.34, "T", "SMD", "CHRG", "", "R", 31.75, 34.02, 0, 270],
		[44, "R3_2", -350, -69.66, "T", "SMD", "$1N27035", "", "R", 31.75, 34.02, 0, 270],
		[45, "R4_1", 215.34, -355, "T", "SMD", "VCC", "", "R", 31.75, 34.02, 0, 0],
		[46, "R4_2", 274.66, -355, "T", "SMD", "$1N26957", "", "R", 31.75, 34.02, 0, 0],
		[47, "R5_1", 215.34, -295, "T", "SMD", "GND", "GND", "R", 31.75, 34.02, 0, 0],
		[48, "R5_2", 274.66, -295, "T", "SMD", "$1N26957", "", "R", 31.75, 34.02, 0, 0],
		[49, "R7_1", -15, -435.34, "T", "SMD", "GND", "GND", "R", 31.75, 34.02, 0, 270],
		[50, "R7_2", -15, -494.66, "T", "SMD", "$1N6535", "", "R", 31.75, 34.02, 0, 270],
		[51, "R9_1", -134.37, 310, "T", "SMD", "GND", "GND", "R", 44.59, 54.21, 0, 0],
		[52, "R9_2", -55.63, 310, "T", "SMD", "$1N24054", "", "R", 44.59, 54.21, 0, 0],
		[53, "R12_1", -285, 129.66, "T", "SMD", "$1N26270", "", "R", 31.75, 34.02, 0, 270],
		[54, "R12_2", -285, 70.34, "T", "SMD", "$1N26228", "", "R", 31.75, 34.02, 0, 270],
		[55, "R15_1", -27.96, -295, "T", "SMD", "GND", "GND", "R", 22.27, 21.26, 0, 180],
		[56, "R15_2", -62.04, -295, "T", "SMD", "$1N7491", "", "R", 22.27, 21.26, 0, 180],
		[57, "R16_1", 215, -497.04, "T", "SMD", "$1N6647", "", "R", 22.27, 21.26, 0, 90],
		[58, "R16_2", 215, -462.96, "T", "SMD", "VCC", "", "R", 22.27, 21.26, 0, 90],
		[59, "R19_1", -187.04, 145, "T", "SMD", "ADC0", "", "R", 22.27, 21.26, 0, 0],
		[60, "R19_2", -152.96, 145, "T", "SMD", "$1N185", "", "R", 22.27, 21.26, 0, 0],
		[61, "R20_1", -155, 12.96, "T", "SMD", "$1N172", "", "R", 22.27, 21.26, 0, 90],
		[62, "R20_2", -155, 47.04, "T", "SMD", "$1N185", "", "R", 22.27, 21.26, 0, 90],
		[63, "R21_1", -52.04, 370, "T", "SMD", "$1N24054", "", "R", 22.27, 21.26, 0, 0],
		[64, "R21_2", -17.96, 370, "T", "SMD", "3.3V", "", "R", 22.27, 21.26, 0, 0],
		[65, "R22_1", -350, 104.66, "T", "SMD", "$1N113906", "", "R", 31.75, 34.02, 0, 270],
		[66, "R22_2", -350, 45.34, "T", "SMD", "CHRG", "", "R", 31.75, 34.02, 0, 270],
		[67, "U1_1", 109.76, 58, "T", "SMD", "U1_1", "", "O", 17.72, 64.96, 0, 0],
		[68, "U1_2", 141.26, 58, "T", "SMD", "U1_2", "", "O", 17.72, 64.96, 0, 0],
		[69, "U1_3", 172.76, 58, "T", "SMD", "GND", "GND", "O", 17.72, 64.96, 0, 0],
		[70, "U1_4", 204.25, 58, "T", "SMD", "3.3V", "", "O", 17.72, 64.96, 0, 0],
		[71, "U1_5", 235.75, 58, "T", "SMD", "GND", "GND", "O", 17.72, 64.96, 0, 0],
		[72, "U1_6", 267.24, 58, "T", "SMD", "3.3V", "", "O", 17.72, 64.96, 0, 0],
		[73, "U1_7", 298.74, 58, "T", "SMD", "$1N24", "", "O", 17.72, 64.96, 0, 0],
		[74, "U1_8", 330.24, 58, "T", "SMD", "$1N16129", "", "O", 17.72, 64.96, 0, 0],
		[75, "U1_9", 392.5, 119.76, "T", "SMD", "U1_9", "", "O", 64.96, 17.72, 0, 0],
		[76, "U1_10", 392.5, 151.26, "T", "SMD", "U1_10", "", "O", 64.96, 17.72, 0, 0],
		[77, "U1_11", 392.5, 182.76, "T", "SMD", "STAT", "", "O", 64.96, 17.72, 0, 0],
		[78, "U1_12", 392.5, 214.25, "T", "SMD", "U1_12", "", "O", 64.96, 17.72, 0, 0],
		[79, "U1_13", 392.5, 245.75, "T", "SMD", "CHRG", "", "O", 64.96, 17.72, 0, 0],
		[80, "U1_14", 392.5, 277.24, "T", "SMD", "U1_14", "", "O", 64.96, 17.72, 0, 0],
		[81, "U1_15", 392.5, 308.74, "T", "SMD", "MOSI", "", "O", 64.96, 17.72, 0, 0],
		[82, "U1_16", 392.5, 340.24, "T", "SMD", "MISO", "", "O", 64.96, 17.72, 0, 0],
		[83, "U1_17", 330.24, 402, "T", "SMD", "SCK", "", "O", 17.72, 64.96, 0, 0],
		[84, "U1_18", 298.74, 402, "T", "SMD", "3.3V", "", "O", 17.72, 64.96, 0, 0],
		[85, "U1_19", 267.24, 402, "T", "SMD", "U1_19", "", "O", 17.72, 64.96, 0, 0],
		[86, "U1_20", 235.75, 402, "T", "SMD", "AREF", "", "O", 17.72, 64.96, 0, 0],
		[87, "U1_21", 204.25, 402, "T", "SMD", "GND", "GND", "O", 17.72, 64.96, 0, 0],
		[88, "U1_22", 172.76, 402, "T", "SMD", "U1_22", "", "O", 17.72, 64.96, 0, 0],
		[89, "U1_23", 141.26, 402, "T", "SMD", "ADC0", "", "O", 17.72, 64.96, 0, 0],
		[90, "U1_24", 109.76, 402, "T", "SMD", "U1_24", "", "O", 17.72, 64.96, 0, 0],
		[91, "U1_25", 47.5, 340.24, "T", "SMD", "U1_25", "", "O", 64.96, 17.72, 0, 0],
		[92, "U1_26", 47.5, 308.74, "T", "SMD", "$1N24054", "", "O", 64.96, 17.72, 0, 0],
		[93, "U1_27", 47.5, 277.24, "T", "SMD", "$1N26957", "", "O", 64.96, 17.72, 0, 0],
		[94, "U1_28", 47.5, 245.75, "T", "SMD", "U1_28", "", "O", 64.96, 17.72, 0, 0],
		[95, "U1_29", 47.5, 214.25, "T", "SMD", "RST", "", "O", 64.96, 17.72, 0, 0],
		[96, "U1_30", 47.5, 182.76, "T", "SMD", "PD0", "", "O", 64.96, 17.72, 0, 0],
		[97, "U1_31", 47.5, 151.26, "T", "SMD", "PD1", "", "O", 64.96, 17.72, 0, 0],
		[98, "U1_32", 47.5, 119.76, "T", "SMD", "U1_32", "", "O", 64.96, 17.72, 0, 0],
		[99, "U3_1", 298.31, 231.22, "B", "SMD", "3.3V", "", "R", 62.99, 39.37, 0, 0],
		[100, "U3_2", 298.31, 172.16, "B", "SMD", "U3_2", "", "R", 62.99, 39.37, 0, 0],
		[101, "U3_3", 298.31, 113.11, "B", "SMD", "U3_3", "", "R", 62.99, 39.37, 0, 0],
		[102, "U3_4", 298.31, 54.05, "B", "SMD", "U3_4", "", "R", 62.99, 39.37, 0, 0],
		[103, "U3_5", 298.31, -5, "B", "SMD", "U3_5", "", "R", 62.99, 39.37, 0, 0],
		[104, "U3_6", 298.31, -64.06, "B", "SMD", "STAT", "", "R", 62.99, 39.37, 0, 0],
		[105, "U3_7", 298.31, -123.11, "B", "SMD", "U3_7", "", "R", 62.99, 39.37, 0, 0],
		[106, "U3_8", 298.31, -182.17, "B", "SMD", "U3_8", "", "R", 62.99, 39.37, 0, 0],
		[107, "U3_9", 211.7, -241.22, "B", "SMD", "U3_9", "", "R", 62.99, 39.37, 0, 270],
		[108, "U3_10", 152.64, -241.22, "B", "SMD", "U3_10", "", "R", 62.99, 39.37, 0, 270],
		[109, "U3_11", 93.59, -241.22, "B", "SMD", "U3_11", "", "R", 62.99, 39.37, 0, 270],
		[110, "U3_12", 34.53, -241.22, "B", "SMD", "U3_12", "", "R", 62.99, 39.37, 0, 270],
		[111, "U3_13", -24.52, -241.22, "B", "SMD", "U3_13", "", "R", 62.99, 39.37, 0, 270],
		[112, "U3_14", -83.58, -241.22, "B", "SMD", "U3_14", "", "R", 62.99, 39.37, 0, 270],
		[113, "U3_15", -142.63, -241.22, "B", "SMD", "U3_15", "", "R", 62.99, 39.37, 0, 270],
		[114, "U3_16", -201.69, -241.22, "B", "SMD", "U3_16", "", "R", 62.99, 39.37, 0, 270],
		[115, "U3_17", -288.3, -182.17, "B", "SMD", "U3_17", "", "R", 62.99, 39.37, 0, 0],
		[116, "U3_18", -288.3, -123.11, "B", "SMD", "U3_18", "", "R", 62.99, 39.37, 0, 0],
		[117, "U3_19", -288.3, -64.06, "B", "SMD", "PD0", "", "R", 62.99, 39.37, 0, 0],
		[118, "U3_20", -288.3, -5, "B", "SMD", "PD1", "", "R", 62.99, 39.37, 0, 0],
		[119, "U3_21", -288.3, 54.05, "B", "SMD", "U3_21", "", "R", 62.99, 39.37, 0, 0],
		[120, "U3_22", -288.3, 113.11, "B", "SMD", "U3_22", "", "R", 62.99, 39.37, 0, 0],
		[121, "U3_23", -288.3, 172.16, "B", "SMD", "U3_23", "", "R", 62.99, 39.37, 0, 0],
		[122, "U3_24", -288.3, 231.22, "B", "SMD", "GND", "GND", "R", 62.99, 39.37, 0, 0],
		[123, "U5_1", -160.59, -133.31, "T", "SMD", "ADC0", "", "R", 15.75, 35.43, 0, 0],
		[124, "U5_2", -135, -133.31, "T", "SMD", "GND", "GND", "R", 15.75, 35.43, 0, 0],
		[125, "U5_3", -109.41, -133.31, "T", "SMD", "GND", "GND", "R", 15.75, 35.43, 0, 0],
		[126, "U5_4", -109.41, -46.69, "T", "SMD", "$1N172", "", "R", 15.75, 35.43, 0, 0],
		[127, "U5_5", -160.59, -46.69, "T", "SMD", "3.3V", "", "R", 15.75, 35.43, 0, 0],
		[128, "U8_1", -110.5, -345, "T", "SMD", "GND", "GND", "R", 23.62, 47.24, 0, 90],
		[129, "U8_2", -110.5, -295, "T", "SMD", "$1N7491", "", "R", 23.62, 47.24, 0, 90],
		[130, "U8_3", -110.5, -245, "T", "SMD", "GND", "GND", "R", 23.62, 47.24, 0, 90],
		[131, "U8_4", -110.5, -195, "T", "SMD", "$1N70290", "", "R", 23.62, 47.24, 0, 90],
		[132, "U8_5", -339.5, -195, "T", "SMD", "VCC", "", "R", 23.62, 47.24, 0, 90],
		[133, "U8_6", -339.5, -245, "T", "SMD", "$1N26228", "", "R", 23.62, 47.24, 0, 90],
		[134, "U8_7", -339.5, -295, "T", "SMD", "$1N27035", "", "R", 23.62, 47.24, 0, 90],
		[135, "U8_8", -339.5, -345, "T", "SMD", "$1N70290", "", "R", 23.62, 47.24, 0, 90],
		[136, "U8_9", -225, -270, "T", "SMD", "U8_9", "", "R", 129.92, 94.49, 0, 270],
		[137, "U9_1", 39.88, -457.6, "T", "SMD", "$1N5885", "", "R", 39.37, 21.65, 0, 180],
		[138, "U9_2", 39.88, -495, "T", "SMD", "$1N6535", "", "R", 39.37, 21.65, 0, 180],
		[139, "U9_3", 39.88, -532.4, "T", "SMD", "$1N5833", "", "R", 39.37, 21.65, 0, 180],
		[140, "U9_4", 150.12, -532.4, "T", "SMD", "U9_4", "", "R", 39.37, 21.65, 0, 180],
		[141, "U9_5", 150.12, -495, "T", "SMD", "$1N6647", "", "R", 39.37, 21.65, 0, 180],
		[142, "U9_6", 150.12, -457.6, "T", "SMD", "$1N17359", "", "R", 39.37, 21.65, 0, 180],
		[143, "U10_1", 109.58, -107.6, "T", "SMD", "VCC", "", "R", 19.29, 45.55, 0, 270],
		[144, "U10_2", 109.58, -145, "T", "SMD", "GND", "GND", "R", 19.29, 45.55, 0, 270],
		[145, "U10_3", 109.58, -182.4, "T", "SMD", "VCC", "", "R", 19.29, 45.55, 0, 270],
		[146, "U10_4", 200.42, -182.4, "T", "SMD", "U10_4", "", "R", 19.29, 46.26, 0, 270],
		[147, "U10_5", 200.42, -107.6, "T", "SMD", "3.3V", "", "R", 19.29, 46.26, 0, 270],
		[148, "U11_1", -285, 201.69, "T", "SMD", "$1N26270", "", "R", 39.37, 49.21, 0, 270],
		[149, "U11_2", -285, 288.31, "T", "SMD", "$1N70290", "", "R", 39.37, 49.21, 0, 270],
		[150, "U12_1", -370, 201.69, "T", "SMD", "$1N113906", "", "R", 39.37, 49.21, 0, 270],
		[151, "U12_2", -370, 288.31, "T", "SMD", "$1N70290", "", "R", 39.37, 49.21, 0, 270],
		[152, "USB1_7", -480.27, -181.1, "T", "DIP", "USB1_7", "", "O", 43.31, 78.74, 62.99, 270],
		[153, "USB1_7", -480.27, -181.1, "B", "DIP", "USB1_7", "", "O", 43.31, 78.74, 62.99, 270],
		[154, "USB1_8", -480.27, -78.73, "T", "DIP", "USB1_8", "", "C", 55.12, 55.12, 39.37, 270],
		[155, "USB1_8", -480.27, -78.73, "B", "DIP", "USB1_8", "", "C", 55.12, 55.12, 39.37, 270],
		[156, "USB1_9", -480.28, 78.75, "T", "DIP", "USB1_9", "", "C", 55.12, 55.12, 39.37, 270],
		[157, "USB1_9", -480.28, 78.75, "B", "DIP", "USB1_9", "", "C", 55.12, 55.12, 39.37, 270],
		[158, "USB1_10", -480.28, 181.1, "T", "DIP", "USB1_10", "", "O", 43.31, 78.74, 62.99, 270],
		[159, "USB1_10", -480.28, 181.1, "B", "DIP", "USB1_10", "", "O", 43.31, 78.74, 62.99, 270],
		[160, "USB1_A12", -389.73, 118.11, "B", "SMD", "GND", "GND", "R", 31.5, 62.99, 0, 270],
		[161, "USB1_A5", -389.72, -23.62, "B", "SMD", "USB1_A5", "", "R", 31.5, 62.99, 0, 270],
		[162, "USB1_A9", -389.72, 70.86, "B", "SMD", "USB1_A9", "", "R", 31.5, 62.99, 0, 270],
		[163, "USB1_B12", -389.72, -118.11, "B", "SMD", "USB1_B12", "", "R", 31.5, 62.99, 0, 270],
		[164, "USB1_B5", -389.72, 23.63, "B", "SMD", "USB1_B5", "", "R", 31.5, 62.99, 0, 270],
		[165, "USB1_B9", -389.72, -70.86, "B", "SMD", "$1N70290", "", "R", 31.5, 62.99, 0, 270],
		[166, "X2_1", 392.24, -40, "T", "SMD", "$1N16129", "", "R", 31.5, 98.42, 0, 180],
		[167, "X2_2", 345, -40, "T", "SMD", "X2_2", "", "R", 31.5, 98.42, 0, 180],
		[168, "X2_3", 297.76, -40, "T", "SMD", "$1N24", "", "R", 31.5, 98.42, 0, 180],
		[169, "PAD1_1", 510, -145, "T", "DIP", "RST", "", "C", 60, 60, 36, 0],
		[170, "PAD1_1", 510, -145, "B", "DIP", "RST", "", "C", 60, 60, 36, 0],
		[171, "PAD2_2", 510, 155, "T", "DIP", "MISO", "", "C", 60, 60, 36, 0],
		[172, "PAD2_2", 510, 155, "B", "DIP", "MISO", "", "C", 60, 60, 36, 0],
		[173, "PAD3_3", 510, 55, "T", "DIP", "MOSI", "", "C", 60, 60, 36, 0],
		[174, "PAD3_3", 510, 55, "B", "DIP", "MOSI", "", "C", 60, 60, 36, 0],
		[175, "PAD4_4", 510, 255, "T", "DIP", "SCK", "", "C", 60, 60, 36, 0],
		[176, "PAD4_4", 510, 255, "B", "DIP", "SCK", "", "C", 60, 60, 36, 0],
		[177, "PAD5_5", 510, -245, "T", "DIP", "GND", "GND", "C", 60, 60, 36, 0],
		[178, "PAD5_5", 510, -245, "B", "DIP", "GND", "GND", "C", 60, 60, 36, 0],
		[179, "PAD6_6", 510, -45, "T", "DIP", "3.3V", "", "C", 60, 60, 36, 0],
		[180, "PAD6_6", 510, -45, "B", "DIP", "3.3V", "", "C", 60, 60, 36, 0]
	]
}
}